Id,Title,Author,ISBN,IsBorrowed,BorrowedBy
1,"Flesh and the Devil","Claudine Hirche","695255409-8",false,null
2,"Slumber Party Massacre, The","Alecia Polycote","057219088-3",false,null
3,"Clonus Horror, The","Demetris McAlester","198033622-9",false,null
4,"O Brother, Where Art Thou?","Kristyn Douch","870122662-2",false,null
5,"Red Lights (Feux rouges)","Therine Mc Grath","687466479-4",false,null
6,"Fury","Lianne Mayhow","327997224-8",false,null
7,"Alone for Christmas","Aksel D'Ambrogi","147671554-8",false,null
8,"Rudy","Toinette Grigor","009053782-3",false,null
9,"Twilight Samurai, The (Tasogare Seibei)","Katy Titcomb","063954948-9",false,null
10,"Neighbors","Maire Rive","839509939-8",false,null
11,"Bête humaine, La","Margarette Beals","286641275-3",false,null
12,"Romeo and Juliet","Arlana Harriott","108479409-8",false,null
13,"Blue Valentine","Caro Derrett","761507515-7",false,null
14,"Music for One Apartment and Six Drummers","Bridget Sinkinson","760023852-7",false,null
15,"Celeste and Jesse Forever (Celeste & Jesse Forever)","Theodosia Ottery","853725553-X",false,null
16,"Before Midnight","Dermot Cotterel","621321019-9",false,null
17,"Solo","Artie MacCafferky","190736999-6",false,null
18,"Valley of Head Hunters","Yorker Filyaev","757057008-1",false,null
19,"She No Longer Talks, She Shoots","Welch Goldberg","556606918-5",false,null
20,"BloodRayne","Andi Lithgow","947110857-8",false,null
21,"Disco Dancer","Isabelita Janway","706987711-0",false,null
22,"Firestarter","Tilda Schirak","702450665-2",false,null
23,"Lisa Picard is Famous (a.k.a. Famous)","Kathye Morphew","066419203-3",false,null
24,"Sunday","Terrel McGlone","855244339-2",false,null
25,"Around the World in 80 Days","Rosalinda Jeppe","694337852-X",false,null
26,"Ronal the Barbarian","Pieter Tesche","175498085-6",false,null
27,"Pianomania","Chloe Eacott","825581127-3",false,null
28,"David Holzman's Diary","Shanda Slinn","688897414-6",false,null
29,"There's Always Tomorrow","Teresita MacGorman","486923723-7",false,null
30,"Night Train","Maximilianus Bernhard","946155190-8",false,null
31,"Adam and Dog","Celene Penni","080293680-6",false,null
32,"Werewolf, The","Tildi O'Nions","524427717-0",false,null
33,"Pure Country","Lynea Barroux","965895175-9",false,null
34,"Manitou, The","Ash Fenech","568687861-7",false,null
35,"Dark Journey","Jannelle Petracci","680987525-5",false,null
36,"Emergo (Apartment 143)","Marlo Eggleson","996833582-7",false,null
37,"Hoffman","Violante Corston","836599539-5",false,null
38,"Without Warning","Elisabeth Truce","506857116-4",false,null
39,"Crossfire","Winona Sousa","400380661-1",false,null
40,"Toy Story of Terror","Lurline Sitlinton","782203582-7",false,null
41,"Come See the Paradise","Katti Tarbath","010883385-2",false,null
42,"Together (Han ni Zai Yiki)","Enrico Knewstub","351893527-5",false,null
43,"Tokyo Chorus (Tôkyô no kôrasu)","Koral Betteriss","647856181-X",false,null
44,"Il cappotto di legno","Bryn Yakushkin","378781277-6",false,null
45,"Sleepwalk with Me","Camellia Yurchishin","317487160-3",false,null
46,"Makai Tensho: Samurai Reincarnation (Makai tenshô)","Kaiser Walling","295259089-3",false,null
47,"Shameless (Maskeblomstfamilien )","Val Imlach","550984259-8",false,null
48,"Shadrach","Serene Truelock","775348639-X",false,null
49,"Idle Hands","Stanly Rix","928044347-X",false,null
50,"Zatoichi's Pilgrimage (Zatôichi umi o wataru) (Zatôichi 14)","Anselm Rookesby","877586804-0",false,null
51,"Breaking the Girls","Auguste Beamand","209842472-8",false,null
52,"Boyfriends and Girlfriends (a.k.a. My Girlfriend's Boyfriend) (L'ami de mon amie)","Maggy Etteridge","852710533-0",false,null
53,"Charlie's Country","Felecia Linggood","622707076-9",false,null
54,"Profession of Arms, The (Il mestiere delle armi)","Matty Bennen","221766643-6",false,null
55,"Man of the World","Cristal Popple","907696184-0",false,null
56,"Man in the Iron Mask, The","Odele Townes","287521878-6",false,null
57,"Irene, Go Home! (Irena do domu!)","Nerissa Burniston","236097837-3",false,null
58,"Port of Shadows (Quai des brumes)","Foss Witherspoon","153471557-6",false,null
59,"Paradise: Love","Dyna Marlin","685433686-4",false,null
60,"Hiding Out","Aluin Seeviour","765474577-X",false,null
61,"Love Wrecked","Yorgos Perchard","914768976-5",false,null
62,"Breakheart Pass","Eleanora Charrette","631671691-5",false,null
63,"Middle of Nowhere","Keeley Rothermel","781310903-1",false,null
64,"Libel","Marcello Barlace","348246917-2",false,null
65,"French Lieutenant's Woman, The","Frederik Cattonnet","713987067-5",false,null
66,"Clonehunter","Alec Breens","055981846-7",false,null
67,"Killer McCoy","Kory Kelemen","072719334-1",false,null
68,"Chennai Express","Tilda Splain","359094843-4",false,null
69,"Animal Love (Tierische Liebe)","Philippa Nodes","184005836-6",false,null
70,"Out On A Limb","Nap Donaldson","010664448-3",false,null
71,"Divo, Il","Isadore Witheridge","832292446-1",false,null
72,"Fried Green Tomatoes","Mureil Chetham","465169140-4",false,null
73,"Serbian Film, A (Srpski film)","Brittaney De Matteis","973507834-1",false,null
74,"Free to Play","Bunnie Agglione","103497842-X",false,null
75,"Han Gong-ju","Mason Erb","664049761-1",false,null
76,"Man Who Saves the World, The (Dünyayi Kurtaran Adam)","Andeee Kennington","794830316-2",false,null
77,"Dr. Wai in the Scriptures with No Words (Mao xian wang)","Park MacLeod","913504073-4",false,null
78,"Ju-on: The Grudge 2","Nichols Leatt","731280409-8",false,null
79,"Tales from the Hood","Kitty Dimitriades","132513180-6",false,null
80,"Hollywood Homicide","Keelia Brankley","038436263-X",false,null
81,"Rock-A-Doodle","Claudie Jillings","414946418-9",false,null
82,"Lupin III: Sweet Lost Night (Rupan Sansei: Sweet Lost Night)","Dedie Pellitt","386864840-2",false,null
83,"Just Imagine","Sandro Buzine","948491830-1",false,null
84,"Snowman, The","Fredra Salter","802293606-5",false,null
85,"One Magic Christmas","Lilah Hendrik","818059676-1",false,null
86,"Timecop","Blayne Linfoot","508789747-9",false,null
87,"Zus & Zo","Catherine Dudny","221277738-8",false,null
88,"Skhizein","Corinna Archard","141851623-6",false,null
89,"Blue Max, The","Archibald Sansum","799615287-X",false,null
90,"Ishtar","Devonne Coster","266096434-3",false,null
91,"Satisfaction (a.k.a. Girls of Summer)","Delphine Audibert","876433498-8",false,null
92,"Sudden Wealth of the Poor People of Kombach, The (Der plötzliche Reichtum der armen Leute von Kombach)","Belva Martonfi","736551342-X",false,null
93,"Rampo (a.k.a. The Mystery of Rampo)","Barbi Whittock","816518177-7",false,null
94,"Staten Island","Danika Charlin","855341011-0",false,null
95,"Common Places (a.k.a. Common Ground) (Lugares comunes)","Annadiane De Caroli","219888198-5",false,null
96,"Weather Man, The","Jenda Theseira","844837942-X",false,null
97,"Frogs for Snakes","Otho Kyberd","580965786-9",false,null
98,"Devil Is a Woman, The","Haven Sprankling","843337181-9",false,null
99,"India's Daughter","Bren Jonson","952972204-4",false,null
100,"Spy Kids 2: The Island of Lost Dreams","Morley Strete","336299068-1",false,null
101,"Landet som icke är","Zilvia Treadgall","625305416-3",false,null
102,"Conan the Barbarian","Merla Pahl","703821077-7",false,null
103,"Where Are My Children?","Erika Iannuzzi","294677470-8",false,null
104,"Born to Dance","Tiffi Deeble","992343403-6",false,null
105,"Girl Next Door, The","Liza Theseira","771606975-6",false,null
106,"Marci X","Murielle de Chastelain","128389483-1",false,null
107,"Mouth to Mouth","Cecilla Gartan","626649110-9",false,null
108,"Needing You... (Goo naam gwa neui)","Kasper Standen","860915166-2",false,null
109,"Back in the Day","Cart Kopf","785343139-2",false,null
110,"Girls Will Be Girls","Carr Treher","535648254-X",false,null
111,"Standing in the Shadows of Motown","Matelda Brasher","732781743-3",false,null
112,"The Gold Spinners","Forest Earlam","766342077-2",false,null
113,"Titus","Isadore Eltringham","979611562-X",false,null
114,"Let the Fire Burn","Friedrick Tuma","053696205-7",false,null
115,"When Worlds Collide","Elisha Ipsly","799470678-9",false,null
116,"Animal, The","Tootsie Mussetti","074635944-6",false,null
117,"Gas, Inspector Palmu! (Kaasua, komisario Palmu!)","Melinde Stannah","960792699-4",false,null
118,"Love Steaks","Bobby Razoux","841022856-4",false,null
119,"Dragon Ball Z: Dead Zone (Doragon bôru Z 1: Ora no Gohan wo kaese)","Chen Revens","533170083-7",false,null
120,"Best of the Best","Rubia Metzke","752801756-6",false,null
121,"I Am the Law","Buckie Vasyuchov","120681001-7",false,null
122,"Dragon Ball Z: The Return of Cooler (Doragon bôru Z 6: Gekitotsu! Hyakuoku pawâ no senshi)","Bendite Duesberry","719297775-6",false,null
123,"Call of the Wild, The","Perla Perrott","102166944-X",false,null
124,"Bring It On: Fight to the Finish","Finlay Ridesdale","829609522-X",false,null
125,"White Lightnin'","Leela McMennum","559514511-0",false,null
126,"Damsel in Distress, A","Zara Jerrolt","135161181-X",false,null
127,"If These Walls Could Talk","Orazio Stratz","687893858-9",false,null
128,"Ulysses (Ulisse)","Massimiliano Bondy","048695921-X",false,null
129,"Woman in Black, The","Chrotoem Bonett","922993582-4",false,null
130,"Up the Sandbox","Hagen St. Paul","591949002-0",false,null
131,"Legends of the Canyon","Jyoti Mallord","489919863-9",false,null
132,"Kaspar Hauser","Martie Lovat","104506808-X",false,null
133,"StreetDance 3D","Johanna Luckie","870822029-8",false,null
134,"Mister Buddwing","Afton Rayworth","003622531-2",false,null
135,"3:10 to Yuma","Ronda Weatherill","088424494-6",false,null
136,"Michael Shayne: Private Detective","Becca Aldwinckle","724274504-7",false,null
137,"Rebel, The (Le Rebelle)","Joachim Scarr","935942214-2",false,null
138,"Arsenic and Old Lace","Page Bretherick","592163875-7",false,null
139,"Antisocial","Maddy Klee","710165626-9",false,null
140,"Weather Man, The","Eamon Harnetty","465096113-0",false,null
141,"Minus Man, The","Jarid Glasheen","164480487-5",false,null
142,"Matewan","Starlene Fynes","534487112-0",false,null
143,"Bunch Of Amateurs, A","Dexter Denisyev","747665595-8",false,null
144,"Dragon Ball Z: Broly - The Legendary Super Saiyan (Doragon bôru Z 8: Moetsukiro!! Nessen retsusen-chô gekisen)","Malcolm Coulman","616535296-0",false,null
145,"Santa Clause 2, The","Filia Bateup","143937979-3",false,null
146,"Goke, Body Snatcher from Hell (Kyuketsuki Gokemidoro)","Chastity Daouze","299183722-5",false,null
147,"Kumaré","Northrup Cheel","306980276-1",false,null
148,"Dead Silence","Judie Gritsunov","018355848-0",false,null
149,"The Heavy","Glynis Radbourne","279358585-8",false,null
150,"Beyond the Fear","Mamie Battison","408753394-8",false,null
151,"Rogue Cop","Calli Massard","617705502-8",false,null
152,"Full Monty, The","Beauregard Pasque","168509822-3",false,null
153,"Judas Kiss","Sofie Reichelt","512573955-3",false,null
154,"Why We Fight","Rosalyn Ledwitch","123749608-X",false,null
155,"Silent House","Errol Ogger","801445147-3",false,null
156,"I'll Cry Tomorrow","Oberon Ebanks","913840228-9",false,null
157,"Word Wars","Den McAlester","381500965-0",false,null
158,"Hammett","Siffre Sikorski","735883216-7",false,null
159,"Heima","Rhett Bearn","409666639-4",false,null
160,"Most Wanted Man, A","Giles Allibon","984806518-0",false,null
161,"Wonderful Ice Cream Suit, The","Georgianna Sidebotton","481031831-1",false,null
162,"Any Number Can Play","Rhoda Careless","077828109-4",false,null
163,"My Cousin Vinny","Law Mycroft","542554440-5",false,null
164,"Run of the Country, The","Bianca Georgeon","266058827-9",false,null
165,"Damn the Defiant! (H.M.S. Defiant)","Wainwright Moreton","020297912-1",false,null
166,"Secret Garden, The","Merry O'Fairy","394150297-2",false,null
167,"Last Flight of Noah's Ark, The","Jasmin Sisse","893707782-5",false,null
168,"In Old Arizona","Valery Ackred","553344604-4",false,null
169,"Two of Us, The (Le vieil homme et l'enfant)","Kendell Bourne","759797193-1",false,null
170,"Partners","Bernadine Lorking","693737995-1",false,null
171,"Small Town of Anara (Qalaqi Anara)","Thorn Matushevich","139605576-2",false,null
172,"Zatoichi Challenged (Zatôichi chikemuri kaidô) (Zatôichi 17)","Jaquelin Ainsby","790875227-6",false,null
173,"Dolemite","Duky Bortoli","031938323-7",false,null
174,"Full Speed (À toute vitesse)","Loralyn Schwier","204283739-3",false,null
175,"Return of a Man Called Horse, The","Birgitta Daintrey","144330129-9",false,null
176,"The Baker's Wife","Enid Gallimore","904974028-6",false,null
177,"See You in the Morning","Penn Rao","128986277-X",false,null
178,"Johnny Tremain","Jaclyn Snaith","763615197-9",false,null
179,"Magic in the Water","Seymour Braybrooke","826809884-8",false,null
180,"Antichrist","Tadd Troppmann","896544528-0",false,null
181,"D.L. Hughley: Reset","Berny Henningham","270988780-0",false,null
182,"Christmas Evil (a.k.a. You Better Watch Out)","Hube Poone","817455775-X",false,null
183,"Garbo the Spy (Garbo: El espía)","Joli Blooman","248324450-5",false,null
184,"Hole, The","Pascale Ghilks","486004031-7",false,null
185,"Leap Year","Veronika Tottle","200107823-4",false,null
186,"Descent: Part 2, The","Clair Guislin","496589922-9",false,null
187,"Pearl Jam: Immagine in Cornice - Live in Italy 2006","Cordell Skelcher","348470871-9",false,null
188,"Zuzu Angel","Riccardo Shelley","305728549-X",false,null
189,"Satan's Tango (Sátántangó)","Morgen Uppett","966832420-X",false,null
190,"Make Them Die Slowly (Cannibal Ferox)","Cherie Seavers","185858956-8",false,null
191,"Commander Hamilton (Hamilton)","Albina Hazard","198181541-4",false,null
192,"Between the Devil and the Deep Blue Sea","Estrella Belderfield","160922095-1",false,null
193,"Sick Girl","Yettie Clemont","238658295-7",false,null
194,"Sin Nombre","Sander Covill","000984222-5",false,null
195,"Life and Death of Peter Sellers, The","Virgie Proger","268029179-4",false,null
196,"Thief of Hearts","Winna Erwin","024808010-5",false,null
197,"47 Ronin","Tisha Seabridge","949781851-3",false,null
198,"Woman Always Pays, The (Afgrunden) (Abyss, The)","Meaghan Kenna","189328731-9",false,null
199,"Louis C.K.: Live at the Beacon Theater","Anallese MacAiline","212323359-5",false,null
200,"Marriage of Maria Braun, The (Ehe der Maria Braun, Die)","Andree Chung","402271774-2",false,null
201,"Annie Get Your Gun","Hanni Jarrard","306729732-6",false,null
202,"Way Ahead, The (a.k.a. The Immortal Battalion)","Michaeline Jobbings","196362095-X",false,null
203,"Same Love, Same Rain (El mismo amor, la misma lluvia)","Abeu Strain","523798835-0",false,null
204,"Girl 27","Beverlee Bernette","384149182-0",false,null
205,"Marat/Sade","Jodi Mableson","476904669-3",false,null
206,"Nostalgia for the Light (Nostalgia de la luz)","Hermia Litherborough","969935871-8",false,null
207,"Closer","Carita Wands","274987087-9",false,null
208,"Joy Ride 2: Dead Ahead","Marje Patriche","814040771-2",false,null
209,"Stella Does Tricks","Cyndy Gearing","772119881-X",false,null
210,"Never Been Kissed","Gill Aurelius","292713732-3",false,null
211,"Reign of Fire","Cornell Rennocks","734866426-1",false,null
212,"Hellsing Ultimate OVA Series","Zachariah Tribble","716574391-X",false,null
213,"Northwest","Cortie Boobier","912227244-5",false,null
214,"It's a Small World","Laurence Ollerton","802962271-6",false,null
215,"Love & Human Remains","Annetta Greenall","936053809-4",false,null
216,"Army Brats (Schatjes!)","Lorrie Tebald","419204569-9",false,null
217,"Phantom Carriage, The (Körkarlen)","Eddy Barlas","857848911-X",false,null
218,"Officer and a Gentleman, An","Sylvester Abreheart","597575981-1",false,null
219,"Hedd Wyn","Frasquito Wehnerr","421506909-2",false,null
220,"Dancing Hawk, The (Tanczacy jastrzab)","Massimo Conybear","254016302-5",false,null
221,"Sambizanga","Violette Conisbee","799920245-2",false,null
222,"Virginity Hit, The","Clementina Cornels","875708326-6",false,null
223,"Cotton Club, The","Laurel Groucock","833985372-4",false,null
224,"Leviathan","Austin Daubney","018248904-3",false,null
225,"FC Venus","Johnathon Souley","415287624-7",false,null
226,"Firehouse Dog","Jemima Cabrara","150847216-5",false,null
227,"Hurry Sundown","Marie Lashmore","060382319-X",false,null
228,"Slumber Party Massacre, The","Osbert Caunce","703357471-1",false,null
229,"Cirque du Soleil: Worlds Away","Clayborn Peagram","502059824-0",false,null
230,"Roberto Succo","Antonino Leftwich","031402922-2",false,null
231,"Red","Martina Woodlands","687283183-9",false,null
232,"Super Demetrios","Anthia Wellbeloved","876364762-1",false,null
233,"Miracle on 34th Street","Wait Nutkin","297986007-7",false,null
234,"Narco Cultura","Wallie Fellon","633620393-X",false,null
235,"Bloody Pit of Horror (Il boia scarlatto) (Virgins for the Hangman)","Aila Painswick","328832051-7",false,null
236,"How to Cook Your Life","Tuckie McGiffie","105053374-7",false,null
237,"Safe Haven","Julianna Nisby","694859422-0",false,null
238,"Samurai Vendetta","Atalanta Olivi","663952238-1",false,null
239,"Hound of the Baskervilles, The","Edlin Feige","827200951-X",false,null
240,"Beau Brummel","Towny Maccaddie","559610503-1",false,null
241,"You Were Never Lovelier","Gregorius Dennick","696331988-X",false,null
242,"Lost in Austen","Katuscha Cumo","409702026-9",false,null
243,"Rid of Me","Jillian Gerish","403620067-4",false,null
244,"Tenure","Rodrick Barkess","508348546-X",false,null
245,"Rolling","Valery Chang","991589321-3",false,null
246,"Office Killer","Mariana Joseph","985958001-4",false,null
247,"Hoffman","Demetri Papen","445024559-8",false,null
248,"Jerry Springer: Ringmaster","Sheffie Petris","929027548-0",false,null
249,"Of Unknown Origin","Jerad Gribble","860387202-3",false,null
250,"What Will You Do When You Catch Me? (Co mi zrobisz jak mnie zlapiesz?)","Calhoun Murrill","079614608-X",false,null
251,"Wrong Arm of the Law, The","Mechelle Spraggs","555426405-0",false,null
252,"Beautiful Kate","Findley Plumstead","822299917-6",false,null
253,"Water Drops on Burning Rocks","Imelda Guirard","815570852-7",false,null
254,"Z Channel: A Magnificent Obsession","Oona Mila","151351748-1",false,null
255,"Batman Forever","Karylin Tansley","342092967-6",false,null
256,"Yanks","Cordelie Blaase","616911300-6",false,null
257,"Mr. Freedom","Holli Coit","132878747-8",false,null
258,"Train of Shadows (Tren de sombras)","Hersch Fendlow","899240175-2",false,null
259,"Rouge (Yin ji kau)","Dar Mart","260309263-4",false,null
260,"Skin","Jennette Leguay","290475897-6",false,null
261,"Fred Claus","Conni Weekly","125652931-1",false,null
262,"I Melt with You","Chastity Pascoe","281426768-X",false,null
263,"Inconvenient Truth, An","Gerry Duncan","371820058-9",false,null
264,"Trouble Bound","Ynes Jefford","664140624-5",false,null
265,"Let's Make Love","Jorrie Harrhy","967538212-0",false,null
266,"Constant Gardener, The","Hayward Nolin","307184063-2",false,null
267,"20 Dates","Cindie Pavese","222197098-5",false,null
268,"Redline","Pattie Sogg","587421557-3",false,null
269,"O Brother, Where Art Thou?","Silvio Abramski","266183610-1",false,null
270,"Interior. Leather Bar.","Susanna Kingsmill","484945446-1",false,null
271,"Kicked in the Head","Heida Kilcullen","649409988-2",false,null
272,"Dan in Real Life","Amil Purcer","427686754-1",false,null
273,"Requiem for a Heavyweight","Abel Brandel","135067924-0",false,null
274,"Descendants, The","Janeva Mongenot","621618458-X",false,null
275,"Dancing in September","Mireielle Boater","523925347-1",false,null
276,"Kazaam","Oralia Gibbons","594804577-3",false,null
277,"Yellow Sea, The (a.k.a. The Murderer) (Hwanghae)","Chaim Bryer","371028029-X",false,null
278,"Lucy","Krishna Hexter","271840837-5",false,null
279,"Ninja III: The Domination","Paxton Antcliff","420083464-2",false,null
280,"Cool School, The","Isadore Meineck","836510624-8",false,null
281,"Time of Eve (Eve no jikan)","Julieta Ewdale","187030379-2",false,null
282,"Upstream Color","Rees Arington","875293552-3",false,null
283,"Winter Nomads","Adella Greenhouse","553644272-4",false,null
284,"Captain Thunder (Capitán Trueno y el Santo Grial, El) (Prince Killian and the Holy Grail)","Minne Hance","069801123-6",false,null
285,"Break Up","Orelee Gotmann","472234144-3",false,null
286,"All That Jazz","Avril Soame","480885595-X",false,null
287,"Virgin Stripped Bare by Her Bachelors (Oh! Soo-jung)","Rex Jevons","020212067-8",false,null
288,"Initiation, The","Alwyn O'Boyle","648191067-6",false,null
289,"Naked Weapon (Chek law dak gung)","Kacy Roke","442349583-X",false,null
290,"4 Months, 3 Weeks and 2 Days (4 luni, 3 saptamâni si 2 zile)","Aldridge Meak","072962466-8",false,null
291,"Kicking and Screaming","Xenos Archibold","385739393-9",false,null
292,"Devil's Pond","Cassandry Wroughton","342212762-3",false,null
293,"Crimewave","Rudyard Vosse","384988889-4",false,null
294,"Zarafa","Cathryn Hachette","529057896-X",false,null
295,"City on Fire (Lung fu fong wan)","Anni L'Homme","521525024-3",false,null
296,"Chronicle","Beilul Gerred","531281287-0",false,null
297,"Music for One Apartment and Six Drummers","Kristyn Caldicott","145491749-0",false,null
298,"Paranoid Park","Angelico Finby","026233120-9",false,null
299,"Humble Pie (American Fork)","Damaris Given","822029097-8",false,null
300,"Meilleur espoir féminin","Seana Coultous","282243462-X",false,null
301,"Maria Bamford: The Special Special Special!","Winnie Bruce","219437556-2",false,null
302,"Roadside Prophets","Ruthy O'Dooghaine","611731186-9",false,null
303,"Pope Joan (Die Päpstin)","Catie Dawbery","948356883-8",false,null
304,"Elephant in the Living Room, The","Quill McDuffie","360475905-6",false,null
305,"Space Pirate Captain Harlock: Arcadia of My Youth (Waga seishun no Arcadia)","Noll Sebright","849467469-2",false,null
306,"Broken English","Celie Haste","383982251-3",false,null
307,"Bay of Angels (La baie des anges)","Nealson Whates","764080945-2",false,null
308,"Most Dangerous Man in America: Daniel Ellsberg and the Pentagon Papers, The","Louis Law","304019902-1",false,null
309,"Run for Cover","Jacqueline Gaylor","908864992-8",false,null
310,"Rabid","Shirlene Gilhooley","270838753-7",false,null
311,"Zombeavers","Urbanus Jerdan","903753700-6",false,null
312,"Two Queens and One Consort (Twee vorstinnen en een vorst)","Jarrid Vyvyan","221124395-9",false,null
313,"The Beast of the City","Shurlocke Renwick","716623768-6",false,null
314,"Easy Living","Corrianne Burkwood","512003308-3",false,null
315,"In Between Days","Leoline Matitiaho","339300133-7",false,null
316,"Holiday in Handcuffs","Cello Oakden","663190197-9",false,null
317,"Village People","Almeta Grushin","915015762-0",false,null
318,"Back to the Garden, Flower Power Comes Full Circle","Gussi Devoy","468034775-9",false,null
319,"Night Nurse","Bridgette Kulicke","416563223-6",false,null
320,"Merchant of Venice, The","Ashlin Vise","540822113-X",false,null
321,"NATO's Secret Armies (Gladio: L'esercito segreto della Nato)","Joshia Wakeley","618604711-3",false,null
322,"Can't Help Singing","Elysee Natt","451249227-5",false,null
323,"Going Straight","Basilius Iacobassi","437627846-7",false,null
324,"Now and Then","Antonina Cornwall","028174892-6",false,null
325,"Wanderlust","Alexandr Avrasin","562321792-3",false,null
326,"Jacky in the Kingdom of Women","Daren Boddy","168894353-6",false,null
327,"Rusalochka (The Little Mermaid)","Nonie Udy","067370293-6",false,null
328,"Castle, The (Das Schloß)","Jeromy Strangeways","951833797-7",false,null
329,"Savage Three","Bartolemo Mereweather","922185682-8",false,null
330,"Godzilla vs. The Sea Monster (Gojira-Ebira-Mosura: Nankai no daiketto)","Dana Maffione","432625090-9",false,null
331,"Jerry Seinfeld: 'I'm Telling You for the Last Time'","Karoly Josefs","094188231-4",false,null
332,"Draft Day","Marlo Fronzek","925130693-1",false,null
333,"Predictions of Fire (Prerokbe Ognja)","Benetta Doonican","525311026-7",false,null
334,"Dead Ahead: The Exxon Valdez Disaster","Mercedes McAllester","797943531-1",false,null
335,"Ring Two, The","Dalila Mackieson","907598635-1",false,null
336,"Honeysuckle Rose (a.k.a. On the Road Again)","Howie Wicken","479307477-4",false,null
337,"Addicted to Plastic","Joelle Hopewell","445398823-0",false,null
338,"Ito: A Diary of an Urban Priest (Seitti - kilvoittelijan päiväkirja)","Darsey Acors","496489343-X",false,null
339,"Kama Sutra: A Tale of Love","Haven Cavaney","829914514-7",false,null
340,"Flying Swords of Dragon Gate, The (Long men fei jia)","Thurston Cohn","193975939-0",false,null
341,"The Unexpected Love","Ernesto Jullian","665472244-2",false,null
342,"Beauty and the Boss","Vernen Elphinston","466434811-8",false,null
343,"Rocky Horror Picture Show, The","Derrick Elms","664852499-5",false,null
344,"Just 4 Kicks","Adda Bloore","317326014-7",false,null
345,"Carandiru","Doria McKim","213257519-3",false,null
346,"Escape From Tomorrow","Marni Oertzen","676404845-2",false,null
347,"Battle of Algiers, The (La battaglia di Algeri)","Wallie Boow","798739795-4",false,null
348,"Southern District (Zona Sur)","Aila Griffiths","088788132-7",false,null
349,"Crack-Up","Bunnie Schukert","679710102-6",false,null
350,"I Want a Dog for Christmas, Charlie Brown","Beatrice Scedall","906651011-0",false,null
351,"Commando","Clemens Dodimead","684288729-1",false,null
352,"Complete History of My Sexual Failures, A","Bari Sowood","312438873-9",false,null
353,"Batman","Ranique Vassie","484713697-7",false,null
354,"Dinner for One (Der 90. Geburtstag oder Dinner for One)","Wallis Bunyan","574325842-2",false,null
355,"Dinosaur Project, The","Camel Staziker","020945833-X",false,null
356,"Saved!","Tommi Bosche","233808123-4",false,null
357,"Prisoner, The (Island of Fire) (Huo shao dao)","Paige De Vaux","871541644-5",false,null
358,"Wings of Eagles, The","Veradis Blacklidge","375398632-1",false,null
359,"Guide to Recognizing Your Saints, A","Dall Boothebie","449654847-X",false,null
360,"Prince of Pennsylvania, The","Onfre Gall","909140152-4",false,null
361,"Stan Helsing","Marsiella Scobbie","842137871-6",false,null
362,"Enchanted Cottage, The","Jereme Belfelt","127236331-7",false,null
363,"Cassandra Crossing, The","Lizabeth Rickerd","113086475-8",false,null
364,"Thief of Bagdad, The","Allen Loiterton","700171140-3",false,null
365,"You Ain't Seen Nothin' Yet (Vous n'avez encore rien vu)","Leoline Huckfield","297458305-9",false,null
366,"Norbit","Marcie Bursnell","484583159-7",false,null
367,"Demon in My View, A (Der Mann nebenan)","Deane Purcell","751866847-5",false,null
368,"Aziz Ansari: Dangerously Delicious","Emmott Le Count","193048381-3",false,null
369,"National Theatre Live: Frankenstein","Barry Dowsing","133131243-4",false,null
370,"Accused (Anklaget)","Bernita Blasi","185314581-5",false,null
371,"Homicidal","Kass Coley","843325756-0",false,null
372,"Beautiful Mind, A","Julio Stogill","103559157-X",false,null
373,"Yes Or No","Joyann Borrowman","445694225-8",false,null
374,"Six Ways to Sunday","Wat Rutherforth","103121203-5",false,null
375,"Element of Crime, The (Forbrydelsens Element)","Rori Gleader","604763462-1",false,null
376,"La guerre des tuques","Blair Shatliff","645214362-X",false,null
377,"Haunt","Elli Titley","288209922-3",false,null
378,"Chaser, The (Chugyeogja)","Jennine Gage","136666963-0",false,null
379,"Glass Menagerie, The","Vlad Cowthard","141037679-6",false,null
380,"Gitmo","Brandi Higgan","226130591-5",false,null
381,"Life and Times of Hank Greenberg, The","Isiahi Carrivick","419369611-1",false,null
382,"Star Trek: Insurrection","Rhianna Gundrey","184109798-5",false,null
383,"Mischief","Judye Emblin","957435549-7",false,null
384,"Eden of the East the Movie II: Paradise Lost (Higashi no Eden Gekijôban II: Paradise Lost)","Symon Fortman","502265064-9",false,null
385,"3, 2, 1... Frankie Go Boom (Frankie Go Boom)","Dale Minerdo","622324730-3",false,null
386,"Street Scene","Annadiana Buchan","297417801-4",false,null
387,"Walking Dead, The","Christos Kulis","724028131-0",false,null
388,"Scarlet Diva","Halsy Coronado","701464247-2",false,null
389,"She-Devil","Di Cuzen","052018706-7",false,null
390,"So Much So Fast","Zorine Morteo","628922415-8",false,null
391,"Igor","Reider Shoveller","564919052-6",false,null
392,"Hester Street","Felix Di Gregorio","072111415-6",false,null
393,"Pink Flamingos","Ashli Faier","128588541-4",false,null
394,"Phantom of the Woods","Ikey Cory","900060138-X",false,null
395,"McFarland USA","Luce McCrainor","316612765-8",false,null
396,"Agony and the Ecstasy of Phil Spector, The","Anton Nilges","305261820-2",false,null
397,"Possessed","Alethea Cabotto","679833666-3",false,null
398,"Girl, The","Esra Kedwell","576609354-3",false,null
399,"Business, The","Chip Le Noury","499484951-X",false,null
400,"Valley of the Dolls","Findley Simmonett","803259841-3",false,null
401,"Bionicle: Mask of Light (Bionicle: Mask of Light - The Movie)","Hal Clewlowe","627818752-3",false,null
402,"New Best Friend","Jefferey Bloor","536005796-3",false,null
403,"Rat Race, The (Garson Kanin's The Rat Race)","Marysa Redmain","566513809-6",false,null
404,"Casanova","Tabatha Springer","899670088-6",false,null
405,"Peaceful Warrior","Guillemette Hobell","864975615-8",false,null
406,"Secrets, The (Sodot, Ha-)","Yancey Gromley","903574287-7",false,null
407,"Eaux d'artifice","Dierdre Fulstow","920571627-8",false,null
408,"Girls About Town","Hugibert Baitman","600285003-1",false,null
409,"Manhunter","Micki Jerisch","748580570-3",false,null
410,"Body Count","Libbi Kebbell","085273598-7",false,null
411,"Babylon 5: The Gathering","Reagen Baynam","481648769-7",false,null
412,"Ping Pong Playa","Waverley Brumhead","872178297-0",false,null
413,"Ultimate Gift, The","Alberta Fussen","192380140-6",false,null
414,"Gen-Y Cops (Te jing xin ren lei 2) (Gen-X Cops 2: Metal Mayhem) (Metal Mayhem)","Easter Lawrenz","608598937-7",false,null
415,"Cohen and Tate","Tomasina Farraway","861383714-X",false,null
416,"Pretty One, The","Alice Stentiford","698085634-0",false,null
417,"Mr. Pip","Virgie Laudham","814585075-4",false,null
418,"Unconscious (Inconscientes)","Brietta Sevitt","649951882-4",false,null
419,"Grateful Dawg","Hatti Simmon","086485056-5",false,null
420,"Born American","Krystle Lackemann","002994520-8",false,null
421,"Brice Man, The (Brice de Nice)","Cyrille Pywell","279743535-4",false,null
422,"Blind Sunflowers, The (Los girasoles ciegos)","Sargent Bulcroft","852243591-X",false,null
423,"Missing William","Hyatt Pavlitschek","132362294-2",false,null
424,"Trancers","Rem Stubbeley","957886232-6",false,null
425,"Secrets, The (Sodot, Ha-)","Erica Ryal","954214218-8",false,null
426,"Symmetry (Symetria)","Fritz Edgett","035304974-3",false,null
427,"Shadows and Fog","Tally Bothams","509455318-6",false,null
428,"Pokémon the Movie: White - Victini and Zekrom","Baxy Tilly","009149563-6",false,null
429,"Elephant White","Emilie Laundon","189567392-5",false,null
430,"The Cat's Out","Ruthe Poulgreen","883461551-4",false,null
431,"Valerie","Catharina Narbett","296435738-2",false,null
432,"Northanger Abbey","Cass Assard","113014090-3",false,null
433,"Fall From Grace","Stanislaw Finnigan","572564226-7",false,null
434,"Coming Apart","Melamie Fortey","451486887-6",false,null
435,"Breaking News (Daai si gin)","Melinde Moyse","920140457-3",false,null
436,"Venom","Gardener Romei","416349563-0",false,null
437,"C.H.U.D. II - Bud the Chud","Ronna Brunotti","314685425-2",false,null
438,"Higher and Higher","Fielding Renehan","036633880-3",false,null
439,"Tere Naam","Eolanda Lillicrap","590566593-1",false,null
440,"Mission, The (Cheung fo)","Byrann Kief","926120697-2",false,null
441,"Poker Club, The","Gregoire Champley","969844399-1",false,null
442,"Moon-Spinners, The","Brigham Mityushin","073568181-3",false,null
443,"Day After Trinity, The","Tad O'Donnell","423511881-1",false,null
444,"Gran Paradiso","Roxi Brendeke","969752705-9",false,null
445,"Young Törless, The (Junge Törless, Der)","Tremain Dedney","940463263-5",false,null
446,"Body Bags","Olin Regnard","646209371-4",false,null
447,"Spin","Lavena Fauning","441492260-7",false,null
448,"November","Trista Baudon","110819069-3",false,null
449,"Girl Play","Brandais Emms","123181897-2",false,null
450,"Vengo","Magda Raoult","592970681-6",false,null
451,"What Lies Beneath","Brock Harme","408926062-0",false,null
452,"The .44 Specialist","Desiree Groom","326148078-5",false,null
453,"Animal House","Marna Lawrie","933451467-1",false,null
454,"a/k/a Tommy Chong","Lorenzo Shakshaft","304702412-X",false,null
455,"Birdcage, The","Christie Kleine","628736559-5",false,null
456,"V for Vendetta","Pavlov Bercher","581106079-3",false,null
457,"Ten","Shamus Dunderdale","113741879-6",false,null
458,"Piter FM","Sheffy Seargeant","026601396-1",false,null
459,"Shifty","Sabrina Dripps","224995330-9",false,null
460,"Embalmer, The (Imbalsamatore, L')","Raeann Paulig","491816439-0",false,null
461,"Days Between, The (In den Tag hinein)","Inger Shuter","482771406-1",false,null
462,"Outfoxed: Rupert Murdoch's War on Journalism","Erwin Renachowski","482854476-3",false,null
463,"Something to Sing About","Lurlene Holburn","798467953-3",false,null
464,"My Letter to George (Mesmerized)","Lacey Dover","657981195-1",false,null
465,"Brief Encounter","Martelle Hobson","160612566-4",false,null
466,"Lost for Life","Harriett Krabbe","213875951-2",false,null
467,"The Story of Alexander Graham Bell","Melamie Pelfer","171896977-5",false,null
468,"Valerie","Bethany Cheesman","911342118-2",false,null
469,"Gang Related","Mari Bootherstone","930490403-X",false,null
470,"I Really Hate My Job","Cristine Blayney","238399702-1",false,null
471,"Bikini Summer","Sansone Wharmby","099388589-6",false,null
472,"Manic","Garey Messier","397103597-3",false,null
473,"Messenger: The Story of Joan of Arc, The","Mathe Shrimptone","956574038-3",false,null
474,"Sokkotanssi","Flory Andersch","320402597-7",false,null
475,"Albatross","Dermot Maben","516041645-5",false,null
476,"No Regrets for Our Youth (Waga seishun ni kuinashi)","Gibbie Greenaway","972355692-8",false,null
477,"Bravo Two Zero","Goldarina Leteurtre","469370389-3",false,null
478,"Bruno (Dress Code, The)","Kailey Trail","368178382-9",false,null
479,"Cat in the Hat, The","Gabriellia Dundon","866813695-X",false,null
480,"Barfi!","Fonsie Ledeker","267930150-1",false,null
481,"Fading Gigolo","Lianne Hrycek","827742166-4",false,null
482,"Butterflies Are Free","Jacklin Dory","409584444-2",false,null
483,"Sordid Lives","Shannen Sutherley","699789396-1",false,null
484,"Blutzbrüdaz","Patience Pepineaux","953602953-7",false,null
485,"Faster","Norene De la Zenne","059909509-1",false,null
486,"The End of the Tour","Rollins Lamps","257305797-6",false,null
487,"Gamera vs. Viras","Yelena Fenlon","993434149-2",false,null
488,"Outsider","Jacquie Rhubottom","498189766-9",false,null
489,"Santos","Raviv Durden","146323081-8",false,null
490,"Everything","Loretta Ardley","503269757-5",false,null
491,"House of Wax","Benedikt Harrell","294208625-4",false,null
492,"One Deadly Summer (L'été meurtrier)","Hagan Hedgecock","791416119-5",false,null
493,"Gun in Betty Lou's Handbag, The","Juanita Couldwell","098520285-8",false,null
494,"Paranormal Activity: The Marked Ones","Bo Heijne","957789307-4",false,null
495,"Immensee","Annie Sargood","328896728-6",false,null
496,"Kolka Cool","Arabel Wittier","117126378-3",false,null
497,"Walk in the Sun, A","Gilbert Shorte","721519596-1",false,null
498,"Exorcismus","Victor Duddell","306732524-9",false,null
499,"Red Dawn","Brig Leicester","362947415-2",false,null
500,"Once Upon a Crime...","Layne Hunnaball","569716726-1",false,null
501,"Cheetah","Barney Das","535678870-3",false,null
502,"Last American Virgin, The","Constancia Tour","672929559-7",false,null
503,"Exit Through the Gift Shop","Solly Schimaschke","034307300-5",false,null
504,"Bedazzled","Caleb Gullivent","912537188-6",false,null
505,"Rocketeer, The","Bronny Kann","066471087-5",false,null
506,"Parisian Love","Jemmy Bisset","637948545-7",false,null
507,"Hallam Foe (Mister Foe)","Falito Sibun","341838401-3",false,null
508,"Hardcover","Tadd Allmann","349050170-5",false,null
509,"Awful Dr. Orlof, The (Gritos en la Noche)","Belvia Canepe","685972407-2",false,null
510,"King of Germany","Trev Farington","977209106-2",false,null
511,"Madame Bovary","Bernie Bennet","368729548-6",false,null
512,"Dollman vs. Demonic Toys","Olivia Rubinow","498345495-0",false,null
513,"Twice Upon a Yesterday (a.k.a. Man with Rain in His Shoes, The)","Errol Pitkeathley","238386943-0",false,null
514,"After Office Hours","Yancey Paolone","238658811-4",false,null
515,"Harry Potter and the Sorcerer's Stone (a.k.a. Harry Potter and the Philosopher's Stone)","Emyle Atkins","153429734-0",false,null
516,"When Darkness Falls (När mörkret faller)","Kristan Gallamore","110617089-X",false,null
517,"R.I.P.D.","Haily Gasparro","716612344-3",false,null
518,"Dangerous Minds","Christye Kolodziejski","978466989-7",false,null
519,"Z Channel: A Magnificent Obsession","Jacintha Duffin","435362197-1",false,null
520,"Unforgotten: Twenty-Five Years After Willowbrook","Derrick Scatcher","651967143-6",false,null
521,"Angel at My Table, An","Kelvin Powton","153407683-2",false,null
522,"Cheech & Chong's Nice Dreams","Steven Marvelley","280220736-9",false,null
523,"Sugar Curtain, The (El telón de azúcar)","Mead Breadon","105468589-4",false,null
524,"3:10 to Yuma","Chane Whenham","321293433-6",false,null
525,"Original Kings of Comedy, The","Tomlin Heighton","631672329-6",false,null
526,"Urban Ghost Story","Rickie Quimby","939099302-4",false,null
527,"Albuquerque","Jo-anne MacLennan","870859113-X",false,null
528,"Six Pack","Brandy Dommerque","008658608-4",false,null
529,"Kung Fu Panda: Secrets of the Furious Five","Abbe Turnock","777803081-0",false,null
530,"Carry On, Constable","Kearney Lorait","809468535-2",false,null
531,"Comanche Moon","Kathleen Haberjam","830281858-5",false,null
532,"Aurora Borealis","Vernor Clough","606084087-6",false,null
533,"King Rat","Efrem Auguste","398312418-6",false,null
534,"'Human' Factor, The (Human Factor, The)","Nelson Gatesman","910883025-8",false,null
535,"Surviving Picasso","Auberon Yablsley","570293999-9",false,null
536,"Vlad","Fran De'Vere - Hunt","584535619-9",false,null
537,"Six in Paris (Paris vu par...)","Keelia Murrigans","347297885-6",false,null
538,"Addams Family Values","Waldemar MacGall","734242977-5",false,null
539,"Comedy of Innocence (Comédie de l'innocence)","Vita Starkey","559528002-6",false,null
540,"Great Day in Harlem, A","Mano Ohm","465212200-4",false,null
541,"Style Wars","Domini Kew","057635904-1",false,null
542,"Atomic Cafe, The","Debbie Kelsow","465087198-0",false,null
543,"Girl Next Door, The","Terra Defont","744414635-7",false,null
544,"The Squeeze","Shani Hutchings","394457541-5",false,null
545,"Immortals","Benedict Kubista","068026154-0",false,null
546,"Beethoven's 3rd","Eben Shuttlewood","776643729-5",false,null
547,"Karthik Calling Karthik","Elberta Timlin","735031289-X",false,null
548,"Miss and the Doctors (Tirez la langue, mademoiselle)","Remington Greenrodd","753387227-4",false,null
549,"Rabbit Without Ears (Keinohrhasen)","Morganica Latliff","992974681-1",false,null
550,"Godzilla 1985: The Legend Is Reborn (Gojira) (Godzilla) (Return of Godzilla, The)","Bernette Gateshill","119006846-X",false,null
551,"Count Dracula (Nachts, wenn Dracula erwacht)","Whitman Darrington","203006251-0",false,null
552,"Thoroughly Modern Millie","Matthiew Salvage","072830288-8",false,null
553,"Silence, The (Das letzte Schweigen)","Earl Gleasane","780760800-5",false,null
554,"Lupin III: The Castle Of Cagliostro (Rupan sansei: Kariosutoro no shiro)","Bendick Scarisbrick","710851959-3",false,null
555,"Necessary Roughness","Israel Bacup","497439299-9",false,null
556,"Hidden Fortress, The (Kakushi-toride no san-akunin)","Louis Bisacre","701933498-9",false,null
557,"Follow the Bitch","Skye Paxman","789389356-7",false,null
558,"Fake It So Real","Delmar McKenney","455454028-6",false,null
559,"Winter Nomads","Audy Drakeley","579999538-4",false,null
560,"Major Payne","Berkley Cosh","574132647-1",false,null
561,"Little Rascals, The","Roxine Clyde","949941154-2",false,null
562,"Horseman on the Roof, The (Hussard sur le toit, Le)","Roderich Mayhow","385777494-0",false,null
563,"George Lopez: Tall, Dark & Chicano","Gideon Casero","411100665-5",false,null
564,"Single White Female","Spense Low","823001391-8",false,null
565,"7 Days (Les 7 jours du talion)","Adan Kinchlea","582737594-2",false,null
566,"Captive Women (1000 Years from Now) (3000 A.D.)","Woodrow Broadnicke","333528202-7",false,null
567,"Night on Earth","Tallulah Elvins","636786156-4",false,null
568,"Blackrock","Armstrong Kimbly","982647658-7",false,null
569,"Conformist, The (Conformista, Il)","Gussy Wilce","155256293-X",false,null
570,"Gatekeepers, The","Raphaela Strathdee","177432714-7",false,null
571,"Quills","Cymbre Davies","024148097-3",false,null
572,"Grumpy Old Men","Mikaela Brosini","104537743-0",false,null
573,"Mediterraneo","Tibold Palphreyman","375594807-9",false,null
574,"Trumbo","Zerk Mantione","545408968-0",false,null
575,"Blue State","Moyra Androletti","667396517-7",false,null
576,"Prince and the Pauper, The","Kearney Gallaccio","654067971-8",false,null
577,"Awakenings","Tome Osband","161845975-9",false,null
578,"Broadway Melody, The","Geoffrey Garmon","181019832-1",false,null
579,"Volunteers","Anallise Stapleton","477808414-4",false,null
580,"Pirates of Silicon Valley","Neal Oselton","820174135-8",false,null
581,"Cruise, The","Kassia Lowdwell","849574298-5",false,null
582,"Lawless Frontier, The","Humfried Serotsky","024844221-X",false,null
583,"Snowbeast","Alexis Christiensen","739673087-2",false,null
584,"In Which We Serve","Elysia Tort","114335476-1",false,null
585,"Chuck & Buck","Stace Jira","612157000-8",false,null
586,"Nadine","Abigale Lipmann","451751045-X",false,null
587,"Lost in Beijing (Ping guo)","Kate Peotz","019500650-X",false,null
588,"Statue of Liberty, The","Latisha Dahl","970290970-8",false,null
589,"Triage","Guillaume Micklem","967836810-2",false,null
590,"Treeless Mountain","Cherye Gornall","193164681-3",false,null
591,"Perkele! Kuvia Suomesta","Lotty Yukhnevich","579726123-5",false,null
592,"Gorgon, The","Dewie Hawkswell","339889530-1",false,null
593,"Beneath Hill 60","Killie O'Sharkey","938492438-5",false,null
594,"Wonder Bar","Gael Jakeway","630779333-3",false,null
595,"Boys Are Back, The","Lorena Willsmore","223670003-2",false,null
596,"Can't Hardly Wait","Teodor Lello","029845168-9",false,null
597,"Yamakasi - Les samouraïs des temps modernes","Coriss Treat","728363787-7",false,null
598,"Rough Night in Jericho","Melva Rusbridge","443598105-X",false,null
599,"Love and Death","Micki Wallsworth","556476662-8",false,null
600,"Rolling","Cally Thebes","071180652-7",false,null
601,"Kevin Hart: Let Me Explain","Claudell Luparto","596345728-9",false,null
602,"Deception","Ursala Coviello","673553384-4",false,null
603,"Daayen Ya Baayen","Hanni Franchi","707654660-4",false,null
604,"Summer and Smoke","Jarid Pyffe","322369755-1",false,null
605,"Manhattan Murder Mystery","Roscoe Carabet","099697602-7",false,null
606,"Gangs of New York","Jan Scalia","465373680-4",false,null
607,"Grind","Bran Duddell","314278003-3",false,null
608,"Snow Walker, The","Parker Voisey","864086655-4",false,null
609,"Red Squirrel, The (Ardilla roja, La)","Wat Channing","690978566-5",false,null
610,"The Radio Pirates","Aurora Grammer","611812887-1",false,null
611,"Masterminds","Inna Baggiani","588527228-X",false,null
612,"Commune","Robenia Rubke","667400331-X",false,null
613,"Enquiring Minds: The Untold Story of the Man Behind the National Enquirer","Mureil Merrgan","624356361-8",false,null
614,"Anchorman: The Legend of Ron Burgundy","Moe Ewence","379717349-0",false,null
615,"Lebanon, Pa.","Babb Loxston","788423254-5",false,null
616,"Time of Eve (Eve no jikan)","Washington Raine","456502477-2",false,null
617,"Cutting Edge, The","Cori Casemore","844835963-1",false,null
618,"Fuck Up","Jocelin McCaskill","557218301-6",false,null
619,"Macbeth","Nickolas Chmarny","785406755-4",false,null
620,"Wyvern","Roderick Goggins","105165533-1",false,null
621,"Lust for Gold","Mattias Agiolfinger","735200740-7",false,null
622,"Marvin's Room","Ester Flacknoe","763314438-6",false,null
623,"Selma","Odelinda Horry","636572788-7",false,null
624,"ATL","Christy Batchelar","286178861-5",false,null
625,"We Need a Vacation (Fais-moi des vacances)","Kameko Shilston","104095389-1",false,null
626,"Sheena","Skippy Viveash","173873662-8",false,null
627,"Once Upon a Warrior (Anaganaga O Dheerudu)","Malinda Iacopo","574610383-7",false,null
628,"Four Horsemen","Hale Joselovitch","103474156-X",false,null
629,"All the President's Men","Aloysia Camplin","564543087-5",false,null
630,"Assisted Living","Dorothy Blasdale","998815826-2",false,null
631,"The Hunting Ground","Georgeta Lankham","997880400-5",false,null
632,"Hava Nagila: The Movie","Shaylynn Follos","028093302-9",false,null
633,"Dark Angel, The","Andy Wallsam","909828802-2",false,null
634,"23 Paces to Baker Street","Yolanthe Yoskowitz","875571634-2",false,null
635,"Charlie Chan in Dangerous Money","Pauletta Furneaux","254614338-7",false,null
636,"The Fearless Four","Zolly Menhenitt","292492077-9",false,null
637,"Ring, The","Adena Haxbie","610107831-0",false,null
638,"They Call Me Mister Tibbs!","Farand Knowlton","695222496-3",false,null
639,"Melissa P.","Griswold Lomond","706795360-X",false,null
640,"Chop Shop","Dario Anfrey","864466054-3",false,null
641,"Frenchman's Creek","Norton Frill","785966966-8",false,null
642,"Advantageous","Tessa Crockett","085869311-9",false,null
643,"Criminal Code, The","Mac Pesek","301339846-9",false,null
644,"Kummelin jackpot","Dion Lawn","222725520-X",false,null
645,"Griff the Invisible","Bernhard Dobinson","844067097-4",false,null
646,"America the Beautiful 2: The Thin Commandments","Bent O'Fogarty","069356030-4",false,null
647,"Ship of Fools","Oona Ovise","493086523-9",false,null
648,"Chorus, The (Hamsarayan)","Charita Berling","649251945-0",false,null
649,"Ten, The","Willem Hannabus","811733880-7",false,null
650,"Little Engine That Could, The","Terri Corrin","438608312-X",false,null
651,"Greaser's Palace","Collette Chadburn","834438473-7",false,null
652,"New World (Shin-sae-gye)","Tammara Satchel","289248064-7",false,null
653,"Catwalk","Bryn Ferroli","420243695-4",false,null
654,"Maid, The (Nana, La)","Giulio Bolstridge","762750452-X",false,null
655,"Human Capital (Il capitale umano)","Ricard Ruler","246184415-1",false,null
656,"Emma","Terrye Jerrom","572223371-4",false,null
657,"Formosa Betrayed","Dot Gladwish","112032328-2",false,null
658,"Weather Man, The","Robbert Dainton","119739977-1",false,null
659,"Children of the Corn II: The Final Sacrifice","Ripley Spittall","433521052-3",false,null
660,"Debtocracy","Celinka Curedell","230814770-9",false,null
661,"Women Without Men (Zanan-e bedun-e mardan)","Huberto Laight","690882006-8",false,null
662,"Princess (Prinsessa)","Carlos Rowlstone","391399572-2",false,null
663,"Girl Next Door, The","Manon Bean","461963938-9",false,null
664,"Dabangg 2","Daron Ealam","133650413-7",false,null
665,"Thale","Lorry Stearns","073040234-7",false,null
666,"Manon of the Spring (Manon des sources)","Deny Haswell","884349284-5",false,null
667,"Karlsson Brothers (Bröderna Karlsson)","Godfry Sheryne","106888165-8",false,null
668,"Prowl","Maridel Downage","243576959-8",false,null
669,"Wetherby","Eilis Kopisch","765371709-8",false,null
670,"The Great Gatsby","Ola Jodrelle","082425449-X",false,null
671,"Fifty Pills","Shae Laughlan","830713385-8",false,null
672,"Follow the Fleet","Ray Skipping","344145883-4",false,null
673,"Girl Who Played with Fire, The (Flickan som lekte med elden)","Gunar Camsey","047094853-1",false,null
674,"That Darn Cat!","Betsey Greenset","772239189-3",false,null
675,"Summertime","Meryl Dedmam","174773845-X",false,null
676,"Lemony Snicket's A Series of Unfortunate Events","Lazarus Jodrelle","911931535-X",false,null
677,"Tokyo Drifter (Tôkyô nagaremono)","Marne Zorer","885143156-6",false,null
678,"Alien³ (a.k.a. Alien 3)","Marybelle Keveren","450522779-0",false,null
679,"Such Is Life (Así es la vida...)","Ronni Spraggon","011842787-3",false,null
680,"Blonde Venus","Mathias Greetham","502948631-3",false,null
681,"Company Men, The","Shamus Hugland","741007579-1",false,null
682,"Hitler's Stealth Fighter","Geri St. Quintin","767498314-5",false,null
683,"Into the Storm","Turner Menego","451595949-2",false,null
684,"Dial 1119","Ingamar Plenderleith","104071894-9",false,null
685,"Omega Doom","Kirsti Berthe","804737872-4",false,null
686,"The Old Maid","Row Jeakins","849797781-5",false,null
687,"Kidnapping Mr. Heineken","Aloisia Dufty","935203134-2",false,null
688,"Henri-Georges Clouzot's Inferno (L'enfer d'Henri-Georges Clouzot)","Micheil Summerskill","478075696-0",false,null
689,"Portraits Chinois","Corenda Kilpin","526308544-3",false,null
690,"Dark Hours, The","Kali Worham","819522108-4",false,null
691,"Spirits of the Dead","Golda Scuffham","402297974-7",false,null
692,"Le convoyeur","Beth Shasnan","221574689-0",false,null
693,"Suburbia","Dwight Carlton","963233275-X",false,null
694,"War and Peace (Jang Aur Aman)","Reinald Gilley","936011508-8",false,null
695,"Above the Rim","Arlyne Silverwood","044237335-X",false,null
696,"Mumblecore","Corabel Strelitzer","052624025-3",false,null
697,"Lethal Weapon 2","Wainwright Croce","696521014-1",false,null
698,"Eros (Men and Women) (Noite Vazia)","Nat Spurier","202237934-9",false,null
699,"Makai Tensho: Samurai Reincarnation (Makai tenshô)","Juliana Kubicek","288420108-4",false,null
700,"Last Bolshevik, The (Tombeau d'Alexandre, Le)","Flora Duham","540240295-7",false,null
701,"Between Heaven and Hell","Paxton Matzke","652554299-5",false,null
702,"Haunted World of El Superbeasto, The","Orsa Crotty","933149910-8",false,null
703,"War Room, The","Axe Wigfall","005070206-8",false,null
704,"For Ever Mozart","Spenser Gration","247877295-7",false,null
705,"Gold Raiders","Sholom Piniur","343302812-5",false,null
706,"Golden Coach, The (Le carrosse d'or)","Kirstin Tillard","281514076-4",false,null
707,"Centennial","Iggie Bernhard","257772031-9",false,null
708,"Yu-Gi-Oh!: Bonds Beyond Time (Gekijouban Yuugiou: Chouyuugou! Jikuu o koeta kizuna)","Jamill Kroger","979950395-7",false,null
709,"Rugrats Movie, The","Janaye Helleckas","287870491-6",false,null
710,"Mother (Madeo)","Belle Ambrogiotti","520121701-X",false,null
711,"Doughboys","Brion Simmings","680489073-6",false,null
712,"MURDER and murder","Joelie Neylan","050494214-X",false,null
713,"Snow White (Blancanieves)","Ben Laise","674344918-0",false,null
714,"Eye See You (D-Tox)","Mal Linstead","864377251-8",false,null
715,"Emergency Squad","Merell Lucey","140283068-8",false,null
716,"Run Fatboy Run","Colin Axton","972083862-0",false,null
717,"Razor's Edge, The","Kayley Gierck","454493614-4",false,null
718,"Farewell to Arms, A","Cosette Muffett","434602172-7",false,null
719,"Heartbeats (Kohtaamisia)","Germain Asbrey","967408309-X",false,null
720,"Italian Job, The","Jacquelynn Seaborn","792611739-0",false,null
721,"Two Ninas","Jaine Hamelyn","886235950-0",false,null
722,"Dog Soldiers","Terry Rojel","841176973-9",false,null
723,"Sweet Jesus, Preacherman","Evin Jellman","049381911-8",false,null
724,"Homicidal","Gloria Scotchbourouge","907413758-X",false,null
725,"The Rag Man","Drake Jachimak","932937223-6",false,null
726,"Canvas","Bobbie Reavell","262809882-2",false,null
727,"Twilight of the Ice Nymphs","Raddy Emney","738783391-5",false,null
728,"Senseless","Rhetta Sherington","049414472-6",false,null
729,"Night Across the Street (La noche de enfrente)","Shel Stockle","258278056-1",false,null
730,"Classe Tous Risques (Big Risk, The)","Jena Lankford","881949329-2",false,null
731,"What Time Is It There? (Ni neibian jidian)","Jake Dewen","935101172-0",false,null
732,"How to Be a Serial Killer","Philly Fearey","569975478-4",false,null
733,"Blade of the Ripper","Costanza Peploe","677962361-X",false,null
734,"Devil's Rejects, The","Mendel Reyne","787434177-5",false,null
735,"Rosario Tijeras","Meggie Duffett","255218431-6",false,null
736,"Today You Die","Ingmar de Clerk","928928987-2",false,null
737,"Trip to Mars, A","Coral Everest","026103888-5",false,null
738,"Superweib, Das","Fred Padginton","390059854-1",false,null
739,"How to Lose Friends & Alienate People","Buddy Carrack","249008123-3",false,null
740,"You and Me","Filip Belsham","994256101-3",false,null
741,"Envy (Kiskanmak)","Margaretha Tows","955425044-4",false,null
742,"Blind Mountain (Mang shan)","Tim Matsell","919261133-8",false,null
743,"Crime and Punishment","Leah Schops","351677518-1",false,null
744,"Punk in London","Chrissy Pardy","680929749-9",false,null
745,"Keys to the House, The (Chiavi di casa, Le)","Pearle Whitney","907853209-2",false,null
746,"Up Periscope","Daffi Rodders","361446143-2",false,null
747,"Stealing Beauty","Mil Borres","790800952-2",false,null
748,"The Black Rose","Euphemia Spikeings","913556594-2",false,null
749,"Decade Under the Influence, A","Finlay Twaits","385391576-0",false,null
750,"Negative Happy Chainsaw Edge (Negatibu happî chênsô ejji)","Emalia Kerss","290997411-1",false,null
751,"Valdez Is Coming","Geraldine Chuney","621473953-3",false,null
752,"Angel Face","Zachariah Sabater","060835002-8",false,null
753,"Thurgood","Kennie Cordero","457941894-8",false,null
754,"Diary of a Lost Girl (Tagebuch einer Verlorenen)","Shanda Messam","593773266-9",false,null
755,"Dead Outside, The","Darren Walworth","019654535-8",false,null
756,"Rampage at Apache Wells","Midge Georghiou","277712689-5",false,null
757,"Gambler, The (Játékos, A)","Gwenny Harrill","163652354-4",false,null
758,"Oklahoma Kid, The","Hayward Girkins","099126527-0",false,null
759,"ChubbChubbs!, The","Niall Holston","952462151-7",false,null
760,"Oasis","Wynny Challenor","327631798-2",false,null
761,"Myth of the American Sleepover, The","Brittni Treagust","107845299-7",false,null
762,"Zatoichi at Large (Zatôichi goyô-tabi) (Zatôichi 23)","Velvet Coushe","923979894-3",false,null
763,"Go Figure (Va savoir)","Joaquin Stair","871762201-8",false,null
764,"Rush","Frederica Orgen","719963103-0",false,null
765,"Appleseed Alpha","Frederica Tuxwell","976484074-4",false,null
766,"It's a Bikini World","Mae Scahill","775158421-1",false,null
767,"Shadow People","Marcelle Featherstonhaugh","652676830-X",false,null
768,"Dark Star","Chev Van den Hof","781169153-1",false,null
769,"Loose Change 9/11: An American Coup","Adam Adamovitch","960584344-7",false,null
770,"Princesas","Emery Vonasek","573601583-8",false,null
771,"Recruiter, The","Yankee Kolis","226969922-X",false,null
772,"Extraterrestrial","Janie Brouard","141538398-7",false,null
773,"Foreign Affair, A","Roselin McCambridge","494331621-2",false,null
774,"Year One","Grenville Rawe","581001132-2",false,null
775,"G.I. Joe: Operation Dragonfire","Miller Dunsleve","784557086-9",false,null
776,"Funeral, The (Ososhiki)","Kriste Trubshawe","516889358-9",false,null
777,"Quartet","Rocky Ingledew","497057305-0",false,null
778,"In the Name of the King III","Jecho O'Spellissey","914138604-3",false,null
779,"Westfront 1918","Vida Wasteney","277366884-7",false,null
780,"Daddy Day Care","Wilma Berrington","532806201-9",false,null
781,"Tenderness","Romonda Letch","036802016-9",false,null
782,"Elektra","Gerry Fewell","959588671-8",false,null
783,"American Crime, An","Loni Fealy","934946416-0",false,null
784,"Good Guy, The","Tate Willett","305708725-6",false,null
785,"Generale Della Rovere, Il","Carolin Nealon","136700439-X",false,null
786,"Alien from L.A.","Magdaia Stoffers","223648144-6",false,null
787,"Anna Karenina","Rosalinda Bidder","173827263-X",false,null
788,"Still Alice","Lily Tackell","775634606-8",false,null
789,"Hilton!","Annabelle Tinklin","595745921-6",false,null
790,"Curse of Chucky (Child's Play 6)","Pris Rigmand","278726968-0",false,null
791,"Friends at the Margherita Cafe, The (Gli amici del bar Margherita)","Ania Messenger","243314599-6",false,null
792,"976-EVIL II","Mickie Skeldon","723710627-9",false,null
793,"Clash of the Wolves","Marleah Elcoux","609643406-1",false,null
794,"Carousel","Cher Wyldbore","880378445-4",false,null
795,"Fast Food","Laina Longthorn","576095610-8",false,null
796,"Buck Privates","Willa Devereu","389496081-7",false,null
797,"Road, The","Berrie Elsdon","267866137-7",false,null
798,"Standing Up","Emlyn Yakov","510802693-5",false,null
799,"Lincoln Lawyer, The","Kim Benedit","334252253-4",false,null
800,"Moving Alan","Vale Bossingham","956235589-6",false,null
801,"Not Here to Be Loved (Je ne suis pas là pour être aimé)","Karney Kiehl","884072752-3",false,null
802,"Sword of the Valiant","Gaylord Josephi","777937197-2",false,null
803,"Gamera vs. Barugon","Piotr Lockyer","416354316-3",false,null
804,"Dark Days","Abeu Labbe","393412942-0",false,null
805,"Humoresque","Reeba Yeo","149733852-2",false,null
806,"Star Wars: Episode VI - Return of the Jedi","Karlotta Ellery","792739596-3",false,null
807,"Morituri","Midge Blenkinsopp","895879382-1",false,null
808,"Every Man for Himself (Slow Motion) (Sauve qui peut (la vie))","Dorine Waszczykowski","453189230-5",false,null
809,"High and Dizzy","Parry Larmouth","240495876-3",false,null
810,"Magic Mike","Jeannette Reynoollds","556048457-1",false,null
811,"Svidd Neger","Karlee Barens","214583589-X",false,null
812,"Faust","Koral Lanfare","200517095-X",false,null
813,"3 Backyards","Mellisent Fawcitt","094739299-8",false,null
814,"Reckoning, The","Winn Blaber","010606801-6",false,null
815,"Rites of May, The (Itim)","Allen Murcott","775716614-4",false,null
816,"Metalstorm: The Destruction of Jared-Syn","Jon Lunge","875771139-9",false,null
817,"Prelude to a Kiss","Lorenza M'Chirrie","684603543-5",false,null
818,"Movie, A","Othilia Whitters","303377188-2",false,null
819,"I giorni contati","Waldemar Chishull","671808631-2",false,null
820,"Colour Me Kubrick: A True...ish Story","Neale Alaway","795573586-2",false,null
821,"Orwell Rolls in His Grave","Nicola Hagger","392139306-X",false,null
822,"Vampir (Cuadecuc, vampir)","Alejandrina Schulze","043869914-9",false,null
823,"Little Lord Fauntleroy","Federico Kitchinghan","691300852-X",false,null
824,"28 Up","Tymon Follis","413007691-4",false,null
825,"Shadow Dancer, The (Shadows in the Sun)","Waneta Iddy","517470813-5",false,null
826,"Deception","Thea Shanley","087798420-4",false,null
827,"Penny Serenade","Garrik Spradbrow","807730661-6",false,null
828,"Fantastic Planet, The (Planète sauvage, La)","Fitzgerald Rounding","961741860-6",false,null
829,"Underworld","Lissy Esposi","143795670-X",false,null
830,"Institute Benjamenta, or This Dream People Call Human Life","Gail McConaghy","000236208-2",false,null
831,"Manuel on the Island of Wonders (Manoel dans l'île des merveilles)","Obed Darthe","832240837-4",false,null
832,"Asterix and Cleopatra (Astérix et Cléopâtre)","Ginny Crocombe","082952365-0",false,null
833,"Searchers, The","Vivian O'Sherin","635597237-4",false,null
834,"White Chicks","Geoffrey Snedden","323732408-6",false,null
835,"A Pistol For Ringo","Tabby Arlett","429644082-9",false,null
836,"Band of Brothers","Dare Ping","987269914-3",false,null
837,"Prey, The (La proie)","Dagny Greeves","205672562-2",false,null
838,"Bring on the Night","Mendie Ridpath","008263837-3",false,null
839,"Nick and Norah's Infinite Playlist","Valdemar Attkins","541271712-8",false,null
840,"Construction, The (En construcción)","Grantley Kabisch","797380919-8",false,null
841,"Doubt","Janaye MacKibbon","393911824-9",false,null
842,"Opposing Force","Salem Smithson","014837568-5",false,null
843,"Me, Myself & Irene","Ebonee Snaddin","947292746-7",false,null
844,"Puff, Puff, Pass","Izak Olivia","476503922-6",false,null
845,"Hijacking Catastrophe: 9/11, Fear & the Selling of American Empire","Bambie Footitt","417767046-4",false,null
846,"Don't Go In the Woods","Brynne Muir","794188939-0",false,null
847,"Cabinet of Dr. Ramirez, The","Win Pringle","221235291-3",false,null
848,"Raven, The","Yettie Booeln","233468860-6",false,null
849,"Tangerines","Skye Ionesco","160247253-X",false,null
850,"Amigo","Em Fayer","339469769-6",false,null
851,"First Name: Carmen (Prénom Carmen)","Amalie Oger","576740127-6",false,null
852,"Blind Chance (Przypadek)","Joel Hadley","363855989-0",false,null
853,"Sweet Movie","Nathanil Cogswell","927867953-4",false,null
854,"Devil Came on Horseback, The","Malina Semor","727178738-0",false,null
855,"Me and you (io e te)","Dede Sawney","774603751-8",false,null
856,"Following","Tanhya Simonetti","131282297-X",false,null
857,"Reaching for the Moon","Kira Elder","963098293-5",false,null
858,"Asphalt Jungle, The","Morris Dollin","529357863-4",false,null
859,"Mike's New Car","Neville Armal","445194563-1",false,null
860,"In the Basement","Hermione Mundy","797191273-0",false,null
861,"Cave of the Yellow Dog, The","Hollyanne Benam","989071948-7",false,null
862,"Peas at 5:30 (Erbsen auf halb 6)","Katey Bielefeld","144185909-8",false,null
863,"Ninja Cheerleaders","Lester Tilston","353507962-4",false,null
864,"The Substitute 4: Failure Is Not an Option","Candie Rove","625387589-2",false,null
865,"Gone Fishin'","Sascha Lockery","023390187-6",false,null
866,"Goldfish Memory","Emelyne Pelchat","185686916-4",false,null
867,"Stopped on Track","Ettie Woodall","589251562-1",false,null
868,"Exorcismus","Ermanno Arnett","814462755-5",false,null
869,"Beyond the Forest","Nichols Sheilds","601187073-2",false,null
870,"Fire and Ice","Romona Mosby","986889215-5",false,null
871,"Polyester","Grady Jakoubek","758104031-3",false,null
872,"Solid Gold Cadillac, The","Pennie Follen","729361270-2",false,null
873,"Oedipus Rex (Edipo re)","Toddy Machin","417403657-8",false,null
874,"Divorce - Italian Style (Divorzio all'italiana)","Emmaline Haibel","212314007-4",false,null
875,"The Cop in Blue Jeans","Elsy Bubeer","893657599-6",false,null
876,"Detour","Lisbeth Finneran","604936668-3",false,null
877,"Party Girl","Ariella MacArdle","505310984-2",false,null
878,"Adrift (À Deriva)","Brandtr McNysche","955162397-5",false,null
879,"Your Life in 65 (Tu vida en 65')","Linnie Gatty","951555278-8",false,null
880,"Red Balloon, The (Ballon rouge, Le)","Gottfried Caghan","084095084-5",false,null
881,"Count Dracula (Nachts, wenn Dracula erwacht)","Haven MacPaike","137978401-8",false,null
882,"Ball of Fire","Jeromy Bastin","443011099-9",false,null
883,"Code, The (Mentale, La)","Rolland Rusling","682832694-6",false,null
884,"Joffrey: Mavericks of American Dance","Emmery Coggen","050202925-0",false,null
885,"Viper in the Fist","Kennie Halsted","579728460-X",false,null
886,"Dark Night of the Scarecrow","Merle Gitting","516154352-3",false,null
887,"Control (Kontroll)","Cletis Bouldon","934397804-9",false,null
888,"School of Rock","Katuscha Broomhead","170249182-X",false,null
889,"House on Haunted Hill","Patience Basset","491737270-4",false,null
890,"Neon Bible, The","Sutherland Aulsford","977843161-2",false,null
891,"Sam Peckinpah: Man of Iron","Robbie Paskerful","248481853-X",false,null
892,"War of the Robots (La guerra dei robot)","Tracie Proffer","880295392-9",false,null
893,"Nativity Story, The","Jason Casbon","890858012-3",false,null
894,"Good Year, A","Winnie Travers","957183085-2",false,null
895,"Morons From Outer Space","Milli Kaines","444897996-2",false,null
896,"Matrix Revolutions, The","Garrard Akess","187214037-8",false,null
897,"Professor Beware","Beck Petrulis","753977652-8",false,null
898,"One in the Chamber","Dalis Rosedale","397824795-X",false,null
899,"King Kong","Addie Ackerley","790856361-9",false,null
900,"Portrait Werner Herzog","Mead Pidgin","938293322-0",false,null
901,"Doctor Dolittle","Shayne MacCostigan","608352605-1",false,null
902,"To Sleep with Anger","Colette Bewley","295380759-4",false,null
903,"Saint Joan","Rosana Cops","123655332-2",false,null
904,"Rififi (Du rififi chez les hommes)","Lenore Penwell","804712948-1",false,null
905,"Life On A String (Bian chang Bian Zou)","Gerome Kornyakov","225410914-6",false,null
906,"Walk on Water","Padraig Zold","372930635-9",false,null
907,"Cobra","Lezlie Toffolo","121960010-5",false,null
908,"Wrestling (Bræðrabylta)","Roosevelt Eddison","193361926-0",false,null
909,"Secret of Roan Inish, The","Arliene Bartoszewicz","274893168-8",false,null
910,"Night on Earth","Sileas Knott","726964890-5",false,null
911,"Last Exorcism, The","Romeo Willoughey","015806549-2",false,null
912,"Year of the Wolf, The (Suden vuosi)","Roddie Malby","675633431-X",false,null
913,"Winter of Discontent","Piotr Vankov","298483139-X",false,null
914,"Franz Kafka's a Country Doctor","Garey Drysdale","400864035-5",false,null
915,"Campaign, The","Cacilie Nehl","612734398-4",false,null
916,"Angels Over Broadway","Danny Buzine","988477476-5",false,null
917,"Bebe's Kids","Nicolais Chappelow","607573904-1",false,null
918,"Lightning Bolt: The Power of Salad","Benetta Jennings","356686606-7",false,null
919,"Het Vonnis","Roberta Rawlcliffe","991706580-6",false,null
920,"Skyline","Nonna Jaquiss","935897033-2",false,null
921,"Broderskab (Brotherhood)","Jaquenette Bloor","186256876-6",false,null
922,"Secretariat","Liza Champagne","319355765-X",false,null
923,"Tyler Perry's Madea's Big Happy Family","Alanna Fairn","785994858-3",false,null
924,"Inuyasha the Movie: The Castle Beyond the Looking Glass","Averyl Brunon","127104199-5",false,null
925,"Sailor Who Fell from Grace with the Sea, The","Catriona Clear","090517252-3",false,null
926,"Head Games","Ardeen Matisse","747751047-3",false,null
927,"Deadly Trackers, The","Valentino Simonsson","746061773-3",false,null
928,"Mostly Unfabulous Social Life of Ethan Green, The","Merill Shotboult","165713613-2",false,null
929,"Henry Fool","Gwyneth Sidebotton","782009818-X",false,null
930,"Inside Man","Estel Rouke","013086614-8",false,null
931,"Hum Tumhare Hain Sanam","Cheslie Keyhoe","539832747-X",false,null
932,"Russian Roulette","Avigdor Pleass","233717998-2",false,null
933,"Match Factory Girl, The (Tulitikkutehtaan tyttö)","Anatol Kennea","771622666-5",false,null
934,"Cowboys & Aliens","Joelie Gunson","040421162-3",false,null
935,"Connections","Corrianne Beinke","503165125-3",false,null
936,"Black Beauty","Fernande Macci","167892177-7",false,null
937,"Barfi!","Giustino Toolan","268218185-6",false,null
938,"Kansas Raiders","Claiborne Volks","327270920-7",false,null
939,"Pretty One, The","Vincenz Laytham","964579547-8",false,null
940,"Jim Jefferies: I Swear to God","Tilly Barley","518412042-4",false,null
941,"Not for or Against (Quite the Contrary) (Ni pour, ni contre (bien au contraire))","Margit Bateson","190046192-7",false,null
942,"Bananas!*","Pris Ducker","322316994-6",false,null
943,"According to Spencer","Othello Dunaway","173765014-2",false,null
944,"Newsfront","Ancell Aris","318133938-5",false,null
945,"Bridge, The (Most)","Chance Betz","903166488-X",false,null
946,"Flesh Merchant, The (Wild and Wicked, The)","Reinwald Shemelt","177759251-8",false,null
947,"American Ninja 5","Humberto Younger","626811380-2",false,null
948,"Canned Dreams (Säilöttyjä unelmia)","Riley McFarland","445103710-7",false,null
949,"Analyze That","Cathe Rubinfajn","747836482-9",false,null
950,"Barefoot (Barfuss)","Gwendolen Gorham","733435462-1",false,null
951,"Guyver, The","Octavia Batts","630220271-X",false,null
952,"Indian Summer","Raf Windram","064456182-3",false,null
953,"The Sex and Violence Family Hour","Gussie Ornells","457939249-3",false,null
954,"Mezzo Forte","Shawna Emms","286668268-8",false,null
955,"Sentinel, The","Minny Bridgement","164604228-X",false,null
956,"Marquise of O, The (Marquise von O..., Die)","Huntlee Brocklesby","254075946-7",false,null
957,"Meetin' WA","Anet Coaster","650640677-1",false,null
958,"Burning Palms","Myca Tyre","729001720-X",false,null
959,"El Lobo","Corty Cramer","604227037-0",false,null
960,"We Live Again","Clarabelle Hallybone","595369768-6",false,null
961,"Hitchhiker's Guide to the Galaxy, The","Cos Bonehill","138418362-0",false,null
962,"Made in America","Adelaide Cheel","923150140-2",false,null
963,"Cut and Run (Inferno in diretta)","Barbabas Fussie","447407776-8",false,null
964,"Queen of the Damned","Sanders Irdale","431509350-5",false,null
965,"Distant Thunder (Ashani Sanket)","Laryssa de Courcey","829222725-3",false,null
966,"Vital","Carissa Arnison","864687034-0",false,null
967,"Kindred, The","Von Ruos","711128787-8",false,null
968,"Joanna","Payton Gritland","103767754-4",false,null
969,"Baby, the Rain Must Fall","Dennet Abethell","258268352-3",false,null
970,"Tokyo Joe","Ricard Panniers","950534781-2",false,null
971,"Secret Sunshine (Milyang)","Rebbecca Reidie","323639942-2",false,null
972,"Acla, The Descent into Floristella (La discesa di Aclà a Floristella)","Candice Coviello","728871850-6",false,null
973,"Hurry Sundown","Brose Bertomieu","381695803-6",false,null
974,"Satan Bug, The","Leora Fibbens","202938280-9",false,null
975,"Family Business","Thedric Dumphy","167055392-2",false,null
976,"No Man's Land","Kinnie Lemoir","033878140-4",false,null
977,"Glenn Miller Story, The","Gypsy Hartles","554743131-1",false,null
978,"Juno and the Paycock","Kristoffer Tidbold","982809068-6",false,null
979,"Devil and Max Devlin, The","Robbie Yurlov","028165978-8",false,null
980,"Reclaim","Jacklyn Drinkwater","709102723-X",false,null
981,"Loveless, The (Breakdown)","Shayna Simonett","613886740-8",false,null
982,"Killing Lincoln","Caresse Cow","759850232-3",false,null
983,"Medium Cool","Yetta Legge","813054292-7",false,null
984,"Rescue Dawn","Reiko Poynser","533634824-4",false,null
985,"Flight of the Red Balloon (Voyage du ballon rouge, Le)","Mimi Hollingsby","815587589-X",false,null
986,"Carancho","Francene Aartsen","160031474-0",false,null
987,"Ecstasy (Éxtasis)","Derk Norway","623752562-9",false,null
988,"Fruitvale Station","Allegra Abrahamsen","348941049-1",false,null
989,"Scatter My Ashes at Bergdorf's","Margie McCart","832169641-4",false,null
990,"6 Bullets","Rozele Mocquer","400345623-8",false,null
991,"Guardian, The","Felita Scotts","236145241-3",false,null
992,"Chain of Fools","Tandie Wooffitt","296395780-7",false,null
993,"Varan the Unbelievable","Artemas Beuscher","800438326-2",false,null
994,"Symmetry (Symetria)","Shaylynn Chastaing","065469838-4",false,null
995,"Glue","Saree Sussams","234179941-8",false,null
996,"Strawberry Blonde, The","Arnold Doneld","363781856-6",false,null
997,"7 Faces of Dr. Lao","Fairleigh Giabucci","017881717-1",false,null
998,"Strange Invaders","Erminie Ferguson","617452655-0",false,null
999,"Honeymoon Killers, The","Alvira Swindin","274601427-0",false,null
1000,"Shout","Willy Connolly","415144762-8",false,null
1001,"","","",false,null
1002,"coool","me","324243554",false,null
